{"t": 0.09167089893346876, "h": 0.061452513966480445, "e": 0.13204672422549518, "o": 0.0898933468765871, "d": 0.03682072117826308, "r": 0.0617064499746064, "i": 0.061960385982732354, "s": 0.05611985779583545, "g": 0.015236160487557136, "a": 0.0792280345352971, "m": 0.020822752666328086, "c": 0.023362112747587607, "n": 0.06856272219400711, "p": 0.01574403250380904, "v": 0.00787201625190452, "w": 0.034789233113255456, "b": 0.018537328593194517, "f": 0.021838496698831894, "l": 0.03707465718638903, "y": 0.02260030472320975, "k": 0.014728288471305232, "x": 0.0017775520568816658, "u": 0.024123920771965464, "j": 0.001015744032503809, "q": 0.0007618080243778568, "z": 0.00025393600812595224}